title,image_id,source_url,cloudinary_secure_url,cloudinary_public_id,status,error
'Blood Feather' Sculpture,jynrrydeckyp48iu,https://maphub.net/media/images/j/yn/jynrrydeckyp48iu/1024_768.jpg,https://res.cloudinary.com/dgbcpsrj7/image/upload/v1776759460/public-art-map/jynrrydeckyp48iu.jpg,public-art-map/jynrrydeckyp48iu,ok,
'Branding the Brazos' Sculptures,odue5lnbq77ortfn,https://maphub.net/media/images/o/du/odue5lnbq77ortfn/1024_768.jpg,https://res.cloudinary.com/dgbcpsrj7/image/upload/v1776759460/public-art-map/odue5lnbq77ortfn.jpg,public-art-map/odue5lnbq77ortfn,ok,
'Divine Servant' Sculpture,ibaynwyjjpa5ux6d,https://maphub.net/media/images/i/ba/ibaynwyjjpa5ux6d/1024_768.jpg,https://res.cloudinary.com/dgbcpsrj7/image/upload/v1776759461/public-art-map/ibaynwyjjpa5ux6d.jpg,public-art-map/ibaynwyjjpa5ux6d,ok,
"'Florence, The Oaxcan Cow' Sculpture",th0yoetmo9m4ocyu,https://maphub.net/media/images/t/h0/th0yoetmo9m4ocyu/1024_768.jpg,https://res.cloudinary.com/dgbcpsrj7/image/upload/v1776759462/public-art-map/th0yoetmo9m4ocyu.jpg,public-art-map/th0yoetmo9m4ocyu,ok,
'Friendship is for All Seasons' Sculpture,fz73yzzmetkxyy9b,https://maphub.net/media/images/f/z7/fz73yzzmetkxyy9b/1024_768.jpg,https://res.cloudinary.com/dgbcpsrj7/image/upload/v1776759461/public-art-map/fz73yzzmetkxyy9b.jpg,public-art-map/fz73yzzmetkxyy9b,ok,
'Las Mesas' Sculpture,hqhw85hgpgoneqpx,https://maphub.net/media/images/h/qh/hqhw85hgpgoneqpx/1024_768.jpg,https://res.cloudinary.com/dgbcpsrj7/image/upload/v1776759462/public-art-map/hqhw85hgpgoneqpx.jpg,public-art-map/hqhw85hgpgoneqpx,ok,
'Spadix' Sculpture,nalrksqsjenw5jfs,https://maphub.net/media/images/n/al/nalrksqsjenw5jfs/1024_768.jpg,https://res.cloudinary.com/dgbcpsrj7/image/upload/v1776759462/public-art-map/nalrksqsjenw5jfs.jpg,public-art-map/nalrksqsjenw5jfs,ok,
1000 Hopes for Waco Mural,vxzb0somdyqsbhwg,https://maphub.net/media/images/v/xz/vxzb0somdyqsbhwg/1024_768.jpg,https://res.cloudinary.com/dgbcpsrj7/image/upload/v1776759463/public-art-map/vxzb0somdyqsbhwg.jpg,public-art-map/vxzb0somdyqsbhwg,ok,
A Message of Hope Mural,iw9ckwquwdp31qsy,https://maphub.net/media/images/i/w9/iw9ckwquwdp31qsy/1024_768.jpg,https://res.cloudinary.com/dgbcpsrj7/image/upload/v1776759463/public-art-map/iw9ckwquwdp31qsy.jpg,public-art-map/iw9ckwquwdp31qsy,ok,
Abstract Brush & Line Mural,cqu7nrf4gtqudpdn,https://maphub.net/media/images/c/qu/cqu7nrf4gtqudpdn/1024_768.jpg,https://res.cloudinary.com/dgbcpsrj7/image/upload/v1776759463/public-art-map/cqu7nrf4gtqudpdn.jpg,public-art-map/cqu7nrf4gtqudpdn,ok,
Abstract Mural,fxrwjddoaf6juexo,https://maphub.net/media/images/f/xr/fxrwjddoaf6juexo/1024_768.jpg,https://res.cloudinary.com/dgbcpsrj7/image/upload/v1776759464/public-art-map/fxrwjddoaf6juexo.jpg,public-art-map/fxrwjddoaf6juexo,ok,
African Lion,0zlrlqswjonv7zso,https://maphub.net/media/images/0/zl/0zlrlqswjonv7zso/1024_768.jpg,https://res.cloudinary.com/dgbcpsrj7/image/upload/v1776759464/public-art-map/0zlrlqswjonv7zso.jpg,public-art-map/0zlrlqswjonv7zso,ok,
Afro Pach-Patch,k7lxkisphkosgw52,https://maphub.net/media/images/k/7l/k7lxkisphkosgw52/1024_768.jpg,https://res.cloudinary.com/dgbcpsrj7/image/upload/v1776759464/public-art-map/k7lxkisphkosgw52.jpg,public-art-map/k7lxkisphkosgw52,ok,
Altogether Beautiful,uksszxojwix3ygz6,https://maphub.net/media/images/u/ks/uksszxojwix3ygz6/1024_768.jpg,https://res.cloudinary.com/dgbcpsrj7/image/upload/v1776759465/public-art-map/uksszxojwix3ygz6.jpg,public-art-map/uksszxojwix3ygz6,ok,
Ambold's Mural,biy6ugdllbq9vsps,https://maphub.net/media/images/b/iy/biy6ugdllbq9vsps/1024_768.jpg,https://res.cloudinary.com/dgbcpsrj7/image/upload/v1776759465/public-art-map/biy6ugdllbq9vsps.jpg,public-art-map/biy6ugdllbq9vsps,ok,
American Alligator,f8e4mrnabim7y16t,https://maphub.net/media/images/f/8e/f8e4mrnabim7y16t/1024_768.jpg,https://res.cloudinary.com/dgbcpsrj7/image/upload/v1776759465/public-art-map/f8e4mrnabim7y16t.jpg,public-art-map/f8e4mrnabim7y16t,ok,
Ana's Taxes Wings,rlvkmw8lpvrcbew8,https://maphub.net/media/images/r/lv/rlvkmw8lpvrcbew8/1024_768.jpg,https://res.cloudinary.com/dgbcpsrj7/image/upload/v1776759466/public-art-map/rlvkmw8lpvrcbew8.jpg,public-art-map/rlvkmw8lpvrcbew8,ok,
Art Center Waco,rayg0mfuxa5qx7pr,https://maphub.net/media/images/r/ay/rayg0mfuxa5qx7pr/1024_768.jpg,https://res.cloudinary.com/dgbcpsrj7/image/upload/v1776759466/public-art-map/rayg0mfuxa5qx7pr.jpg,public-art-map/rayg0mfuxa5qx7pr,ok,
Art Center Waco,yzmf5letughtcngu,https://maphub.net/media/images/y/zm/yzmf5letughtcngu/1024_768.jpg,https://res.cloudinary.com/dgbcpsrj7/image/upload/v1776759466/public-art-map/yzmf5letughtcngu.jpg,public-art-map/yzmf5letughtcngu,ok,
Art Center Waco,7ie2ptykybkvvdq3,https://maphub.net/media/images/7/ie/7ie2ptykybkvvdq3/1024_768.jpg,https://res.cloudinary.com/dgbcpsrj7/image/upload/v1776759467/public-art-map/7ie2ptykybkvvdq3.jpg,public-art-map/7ie2ptykybkvvdq3,ok,
Art Center Waco,xez2vhvxl2dcxahl,https://maphub.net/media/images/x/ez/xez2vhvxl2dcxahl/1024_768.jpg,https://res.cloudinary.com/dgbcpsrj7/image/upload/v1776759467/public-art-map/xez2vhvxl2dcxahl.jpg,public-art-map/xez2vhvxl2dcxahl,ok,
Art Center Waco,mgrryov0ponno08x,https://maphub.net/media/images/m/gr/mgrryov0ponno08x/1024_768.jpg,https://res.cloudinary.com/dgbcpsrj7/image/upload/v1776759467/public-art-map/mgrryov0ponno08x.jpg,public-art-map/mgrryov0ponno08x,ok,
Art Center Waco,jzsocuthvvx5rgqb,https://maphub.net/media/images/j/zs/jzsocuthvvx5rgqb/1024_768.jpg,https://res.cloudinary.com/dgbcpsrj7/image/upload/v1776759467/public-art-map/jzsocuthvvx5rgqb.jpg,public-art-map/jzsocuthvvx5rgqb,ok,
Art Center Waco,smraeufzwprqzana,https://maphub.net/media/images/s/mr/smraeufzwprqzana/1024_768.jpg,https://res.cloudinary.com/dgbcpsrj7/image/upload/v1776759469/public-art-map/smraeufzwprqzana.jpg,public-art-map/smraeufzwprqzana,ok,
Baby Giraffe,1zn1jlzqe6llqk2y,https://maphub.net/media/images/1/zn/1zn1jlzqe6llqk2y/1024_768.jpg,https://res.cloudinary.com/dgbcpsrj7/image/upload/v1776759469/public-art-map/1zn1jlzqe6llqk2y.jpg,public-art-map/1zn1jlzqe6llqk2y,ok,
Bats Taking Flight,wf8zgal3h3yxyvqy,https://maphub.net/media/images/w/f8/wf8zgal3h3yxyvqy/1024_768.jpg,https://res.cloudinary.com/dgbcpsrj7/image/upload/v1776759469/public-art-map/wf8zgal3h3yxyvqy.jpg,public-art-map/wf8zgal3h3yxyvqy,ok,
Baylor Mural,xzi94aols3v784cw,https://maphub.net/media/images/x/zi/xzi94aols3v784cw/1024_768.jpg,https://res.cloudinary.com/dgbcpsrj7/image/upload/v1776759470/public-art-map/xzi94aols3v784cw.jpg,public-art-map/xzi94aols3v784cw,ok,
Beaver,cdjuqaierp1ezrb6,https://maphub.net/media/images/c/dj/cdjuqaierp1ezrb6/1024_768.jpg,https://res.cloudinary.com/dgbcpsrj7/image/upload/v1776759469/public-art-map/cdjuqaierp1ezrb6.jpg,public-art-map/cdjuqaierp1ezrb6,ok,
Blek Le Rat 'Selfie Rat',3m8em3lhqownwwbj,https://maphub.net/media/images/3/m8/3m8em3lhqownwwbj/1024_768.jpg,https://res.cloudinary.com/dgbcpsrj7/image/upload/v1776759470/public-art-map/3m8em3lhqownwwbj.jpg,public-art-map/3m8em3lhqownwwbj,ok,
Blek Le Rat 'Victor Hugo',f7xn9j22nap1xdon,https://maphub.net/media/images/f/7x/f7xn9j22nap1xdon/1024_768.jpg,https://res.cloudinary.com/dgbcpsrj7/image/upload/v1776759471/public-art-map/f7xn9j22nap1xdon.jpg,public-art-map/f7xn9j22nap1xdon,ok,
Blek Le Rat 'Violinist',tw51sizm72fufrcx,https://maphub.net/media/images/t/w5/tw51sizm72fufrcx/1024_768.jpg,https://res.cloudinary.com/dgbcpsrj7/image/upload/v1776759471/public-art-map/tw51sizm72fufrcx.jpg,public-art-map/tw51sizm72fufrcx,ok,
Blek Le Rat 'Young Picasso',k4xpfvj8dtdd0tjx,https://maphub.net/media/images/k/4x/k4xpfvj8dtdd0tjx/1024_768.jpg,https://res.cloudinary.com/dgbcpsrj7/image/upload/v1776759471/public-art-map/k4xpfvj8dtdd0tjx.jpg,public-art-map/k4xpfvj8dtdd0tjx,ok,
"Blek Le Rat ""Chopin""",kjxsuxyy0dxs0edu,https://maphub.net/media/images/k/jx/kjxsuxyy0dxs0edu/1024_768.jpg,https://res.cloudinary.com/dgbcpsrj7/image/upload/v1776759472/public-art-map/kjxsuxyy0dxs0edu.jpg,public-art-map/kjxsuxyy0dxs0edu,ok,
Blek Le Rat: 'In Honor of Kurt Kaiser',9ritdvpkbbyes4jc,https://maphub.net/media/images/9/ri/9ritdvpkbbyes4jc/1024_768.jpg,https://res.cloudinary.com/dgbcpsrj7/image/upload/v1776759472/public-art-map/9ritdvpkbbyes4jc.jpg,public-art-map/9ritdvpkbbyes4jc,ok,
Bold Waco,xuubyyoayl1ykrrn,https://maphub.net/media/images/x/uu/xuubyyoayl1ykrrn/1024_768.jpg,https://res.cloudinary.com/dgbcpsrj7/image/upload/v1776759472/public-art-map/xuubyyoayl1ykrrn.jpg,public-art-map/xuubyyoayl1ykrrn,ok,
Box Turtle II,zdvb7wovvwf6pswj,https://maphub.net/media/images/z/dv/zdvb7wovvwf6pswj/1024_768.jpg,https://res.cloudinary.com/dgbcpsrj7/image/upload/v1776759473/public-art-map/zdvb7wovvwf6pswj.jpg,public-art-map/zdvb7wovvwf6pswj,ok,
Cactus Rose Mural,5cgrfwngghklkgnr,https://maphub.net/media/images/5/cg/5cgrfwngghklkgnr/1024_768.jpg,https://res.cloudinary.com/dgbcpsrj7/image/upload/v1776759473/public-art-map/5cgrfwngghklkgnr.jpg,public-art-map/5cgrfwngghklkgnr,ok,
Cast Thy Burden,i11lgyn80vdzsqvd,https://maphub.net/media/images/i/11/i11lgyn80vdzsqvd/1024_768.jpg,https://res.cloudinary.com/dgbcpsrj7/image/upload/v1776759474/public-art-map/i11lgyn80vdzsqvd.jpg,public-art-map/i11lgyn80vdzsqvd,ok,
Cattle Drive Mural,qti9lonzsmbgbjsi,https://maphub.net/media/images/q/ti/qti9lonzsmbgbjsi/1024_768.jpg,https://res.cloudinary.com/dgbcpsrj7/image/upload/v1776759474/public-art-map/qti9lonzsmbgbjsi.jpg,public-art-map/qti9lonzsmbgbjsi,ok,
Cheers from Waco Mural,kev0egfdwaupqjs6,https://maphub.net/media/images/k/ev/kev0egfdwaupqjs6/1024_768.jpg,https://res.cloudinary.com/dgbcpsrj7/image/upload/v1776759474/public-art-map/kev0egfdwaupqjs6.jpg,public-art-map/kev0egfdwaupqjs6,ok,
City With a Soul (The Findery) Mural,ffccpsu5sow9f8pq,https://maphub.net/media/images/f/fc/ffccpsu5sow9f8pq/1024_768.jpg,https://res.cloudinary.com/dgbcpsrj7/image/upload/v1776759475/public-art-map/ffccpsu5sow9f8pq.jpg,public-art-map/ffccpsu5sow9f8pq,ok,
Clasé Mural #2,hqn1i0at4vcxylaj,https://maphub.net/media/images/h/qn/hqn1i0at4vcxylaj/1024_768.jpg,https://res.cloudinary.com/dgbcpsrj7/image/upload/v1776759474/public-art-map/hqn1i0at4vcxylaj.jpg,public-art-map/hqn1i0at4vcxylaj,ok,
Cranes,rwr50d91alwn25fj,https://maphub.net/media/images/r/wr/rwr50d91alwn25fj/1024_768.jpg,https://res.cloudinary.com/dgbcpsrj7/image/upload/v1776759475/public-art-map/rwr50d91alwn25fj.jpg,public-art-map/rwr50d91alwn25fj,ok,
Dichotomy Mural,zlyr0lpkfwzvbwv5,https://maphub.net/media/images/z/ly/zlyr0lpkfwzvbwv5/1024_768.jpg,https://res.cloudinary.com/dgbcpsrj7/image/upload/v1776759476/public-art-map/zlyr0lpkfwzvbwv5.jpg,public-art-map/zlyr0lpkfwzvbwv5,ok,
Doris Miller Memorial,1imyopmwjuvzresq,https://maphub.net/media/images/1/im/1imyopmwjuvzresq/1024_768.jpg,https://res.cloudinary.com/dgbcpsrj7/image/upload/v1776759476/public-art-map/1imyopmwjuvzresq.jpg,public-art-map/1imyopmwjuvzresq,ok,
Dr Pepper Museum Mural,1dnhjjgml7mpaxjz,https://maphub.net/media/images/1/dn/1dnhjjgml7mpaxjz/1024_768.jpg,https://res.cloudinary.com/dgbcpsrj7/image/upload/v1776759476/public-art-map/1dnhjjgml7mpaxjz.jpg,public-art-map/1dnhjjgml7mpaxjz,ok,
Dr. Pepper Mural,8liozworpubuhovt,https://maphub.net/media/images/8/li/8liozworpubuhovt/1024_768.jpg,https://res.cloudinary.com/dgbcpsrj7/image/upload/v1776759477/public-art-map/8liozworpubuhovt.jpg,public-art-map/8liozworpubuhovt,ok,
Each One Reach One Teach One,uzk1hpt5mmcplj5f,https://maphub.net/media/images/u/zk/uzk1hpt5mmcplj5f/1024_768.jpg,https://res.cloudinary.com/dgbcpsrj7/image/upload/v1776759477/public-art-map/uzk1hpt5mmcplj5f.jpg,public-art-map/uzk1hpt5mmcplj5f,ok,
Ely Playing with a Stick,0sxni6npko3ck3kj,https://maphub.net/media/images/0/sx/0sxni6npko3ck3kj/1024_768.jpg,https://res.cloudinary.com/dgbcpsrj7/image/upload/v1776759477/public-art-map/0sxni6npko3ck3kj.jpg,public-art-map/0sxni6npko3ck3kj,ok,
Enve (Now Covered),e7atzzheav8ohdhl,https://maphub.net/media/images/e/7a/e7atzzheav8ohdhl/1024_768.jpg,https://res.cloudinary.com/dgbcpsrj7/image/upload/v1776759477/public-art-map/e7atzzheav8ohdhl.jpg,public-art-map/e7atzzheav8ohdhl,ok,
Everything's Peachy,96phmq0sromhcchu,https://maphub.net/media/images/9/6p/96phmq0sromhcchu/1024_768.jpg,https://res.cloudinary.com/dgbcpsrj7/image/upload/v1776759477/public-art-map/96phmq0sromhcchu.jpg,public-art-map/96phmq0sromhcchu,ok,
Feast,7sqggtojw9yjc7qp,https://maphub.net/media/images/7/sq/7sqggtojw9yjc7qp/1024_768.jpg,https://res.cloudinary.com/dgbcpsrj7/image/upload/v1776759478/public-art-map/7sqggtojw9yjc7qp.jpg,public-art-map/7sqggtojw9yjc7qp,ok,
"Feed Your Body, Feed Your Soul:",cb4xpz2v9nlb2sa2,https://maphub.net/media/images/c/b4/cb4xpz2v9nlb2sa2/1024_768.jpg,https://res.cloudinary.com/dgbcpsrj7/image/upload/v1776759479/public-art-map/cb4xpz2v9nlb2sa2.jpg,public-art-map/cb4xpz2v9nlb2sa2,ok,
Flower and Line Mural,kiqu1ax1pn2g24f1,https://maphub.net/media/images/k/iq/kiqu1ax1pn2g24f1/1024_768.jpg,https://res.cloudinary.com/dgbcpsrj7/image/upload/v1776759479/public-art-map/kiqu1ax1pn2g24f1.jpg,public-art-map/kiqu1ax1pn2g24f1,ok,
Freedom Fountain,r7ner5dxl4bkj2eq,https://maphub.net/media/images/r/7n/r7ner5dxl4bkj2eq/1024_768.jpg,https://res.cloudinary.com/dgbcpsrj7/image/upload/v1776759479/public-art-map/r7ner5dxl4bkj2eq.jpg,public-art-map/r7ner5dxl4bkj2eq,ok,
Galapagos Tortoise,n5fjm6dlsv9cb0wo,https://maphub.net/media/images/n/5f/n5fjm6dlsv9cb0wo/1024_768.jpg,https://res.cloudinary.com/dgbcpsrj7/image/upload/v1776759479/public-art-map/n5fjm6dlsv9cb0wo.jpg,public-art-map/n5fjm6dlsv9cb0wo,ok,
Georges Mural (Wrap),kf8d9wx60br3bnpv,https://maphub.net/media/images/k/f8/kf8d9wx60br3bnpv/1024_768.jpg,https://res.cloudinary.com/dgbcpsrj7/image/upload/v1776759479/public-art-map/kf8d9wx60br3bnpv.jpg,public-art-map/kf8d9wx60br3bnpv,ok,
Gerenuk,bsxsjvtvlovwks73,https://maphub.net/media/images/b/sx/bsxsjvtvlovwks73/1024_768.jpg,https://res.cloudinary.com/dgbcpsrj7/image/upload/v1776759480/public-art-map/bsxsjvtvlovwks73.jpg,public-art-map/bsxsjvtvlovwks73,ok,
Geri,kd9jgparfyei0f4q,https://maphub.net/media/images/k/d9/kd9jgparfyei0f4q/1024_768.jpg,https://res.cloudinary.com/dgbcpsrj7/image/upload/v1776759480/public-art-map/kd9jgparfyei0f4q.jpg,public-art-map/kd9jgparfyei0f4q,ok,
Giraffe,sqo4sqki2msdxiam,https://maphub.net/media/images/s/qo/sqo4sqki2msdxiam/1024_768.jpg,https://res.cloudinary.com/dgbcpsrj7/image/upload/v1776759481/public-art-map/sqo4sqki2msdxiam.jpg,public-art-map/sqo4sqki2msdxiam,ok,
Giving Praise: Black Pride,odrcnrp78qskufwj,https://maphub.net/media/images/o/dr/odrcnrp78qskufwj/1024_768.jpg,https://res.cloudinary.com/dgbcpsrj7/image/upload/v1776759481/public-art-map/odrcnrp78qskufwj.jpg,public-art-map/odrcnrp78qskufwj,ok,
"Glenn, answer your phone.",ugvurea23zyw3zcf,https://maphub.net/media/images/u/gv/ugvurea23zyw3zcf/1024_768.jpg,https://res.cloudinary.com/dgbcpsrj7/image/upload/v1776759481/public-art-map/ugvurea23zyw3zcf.jpg,public-art-map/ugvurea23zyw3zcf,ok,
Heart of Texas,ugpmszcne0l6lpfr,https://maphub.net/media/images/u/gp/ugpmszcne0l6lpfr/1024_768.jpg,https://res.cloudinary.com/dgbcpsrj7/image/upload/v1776759482/public-art-map/ugpmszcne0l6lpfr.jpg,public-art-map/ugpmszcne0l6lpfr,ok,
Heart To Heart (Praetorian Building),wyizrirhxnpv960t,https://maphub.net/media/images/w/yi/wyizrirhxnpv960t/1024_768.jpg,https://res.cloudinary.com/dgbcpsrj7/image/upload/v1776759482/public-art-map/wyizrirhxnpv960t.jpg,public-art-map/wyizrirhxnpv960t,ok,
Hearts Unfolding,yqfb0jmz6ecskaux,https://maphub.net/media/images/y/qf/yqfb0jmz6ecskaux/1024_768.jpg,https://res.cloudinary.com/dgbcpsrj7/image/upload/v1776759482/public-art-map/yqfb0jmz6ecskaux.jpg,public-art-map/yqfb0jmz6ecskaux,ok,
Hometown USA,zjjijf5d1pgonvqf,https://maphub.net/media/images/z/jj/zjjijf5d1pgonvqf/1024_768.jpg,https://res.cloudinary.com/dgbcpsrj7/image/upload/v1776759483/public-art-map/zjjijf5d1pgonvqf.jpg,public-art-map/zjjijf5d1pgonvqf,ok,
Images Past - South Waco,jdy5z6lculi8cuck,https://maphub.net/media/images/j/dy/jdy5z6lculi8cuck/1024_768.jpg,https://res.cloudinary.com/dgbcpsrj7/image/upload/v1776759483/public-art-map/jdy5z6lculi8cuck.jpg,public-art-map/jdy5z6lculi8cuck,ok,
It takes a Village,1kh2ioeaowzfz7hm,https://maphub.net/media/images/1/kh/1kh2ioeaowzfz7hm/1024_768.jpg,https://res.cloudinary.com/dgbcpsrj7/image/upload/v1776759484/public-art-map/1kh2ioeaowzfz7hm.jpg,public-art-map/1kh2ioeaowzfz7hm,ok,
Kate Friend Animal Fountain,llm5viqbv0ycqlol,https://maphub.net/media/images/l/lm/llm5viqbv0ycqlol/1024_768.jpg,https://res.cloudinary.com/dgbcpsrj7/image/upload/v1776759484/public-art-map/llm5viqbv0ycqlol.jpg,public-art-map/llm5viqbv0ycqlol,ok,
Keep Going,dpthxgyovhsqmera,https://maphub.net/media/images/d/pt/dpthxgyovhsqmera/1024_768.jpg,https://res.cloudinary.com/dgbcpsrj7/image/upload/v1776759485/public-art-map/dpthxgyovhsqmera.jpg,public-art-map/dpthxgyovhsqmera,ok,
Komodo Dragon,gqh242t7qizbxoal,https://maphub.net/media/images/g/qh/gqh242t7qizbxoal/1024_768.jpg,https://res.cloudinary.com/dgbcpsrj7/image/upload/v1776759484/public-art-map/gqh242t7qizbxoal.jpg,public-art-map/gqh242t7qizbxoal,ok,
Lamp of the Body,6qsgbvbabtiaz76t,https://maphub.net/media/images/6/qs/6qsgbvbabtiaz76t/1024_768.jpg,https://res.cloudinary.com/dgbcpsrj7/image/upload/v1776759485/public-art-map/6qsgbvbabtiaz76t.jpg,public-art-map/6qsgbvbabtiaz76t,ok,
Lioness with Cubs,szw4iwxvsh2yigv9,https://maphub.net/media/images/s/zw/szw4iwxvsh2yigv9/1024_768.jpg,https://res.cloudinary.com/dgbcpsrj7/image/upload/v1776759485/public-art-map/szw4iwxvsh2yigv9.jpg,public-art-map/szw4iwxvsh2yigv9,ok,
Live Oak Mural,nj3bmfnarl5tigoo,https://maphub.net/media/images/n/j3/nj3bmfnarl5tigoo/1024_768.jpg,https://res.cloudinary.com/dgbcpsrj7/image/upload/v1776759486/public-art-map/nj3bmfnarl5tigoo.jpg,public-art-map/nj3bmfnarl5tigoo,ok,
Major George B. Erath--Frontiersman,wigqsmtrgpbivlws,https://maphub.net/media/images/w/ig/wigqsmtrgpbivlws/544_400.jpg,https://res.cloudinary.com/dgbcpsrj7/image/upload/v1776759648/public-art-map/wigqsmtrgpbivlws.jpg,public-art-map/wigqsmtrgpbivlws,ok,
Martin Luther King Jr.,m7pdwrzg1epgn0mg,https://maphub.net/media/images/m/7p/m7pdwrzg1epgn0mg/1024_768.jpg,https://res.cloudinary.com/dgbcpsrj7/image/upload/v1776759486/public-art-map/m7pdwrzg1epgn0mg.jpg,public-art-map/m7pdwrzg1epgn0mg,ok,
Meerkat Tribe,nmv5abui3ud0svji,https://maphub.net/media/images/n/mv/nmv5abui3ud0svji/1024_768.jpg,https://res.cloudinary.com/dgbcpsrj7/image/upload/v1776759487/public-art-map/nmv5abui3ud0svji.jpg,public-art-map/nmv5abui3ud0svji,ok,
Metamorphosis,tyvws9n3nta1wrrs,https://maphub.net/media/images/t/yv/tyvws9n3nta1wrrs/1024_768.jpg,https://res.cloudinary.com/dgbcpsrj7/image/upload/v1776759487/public-art-map/tyvws9n3nta1wrrs.jpg,public-art-map/tyvws9n3nta1wrrs,ok,
Montessori Mural,hx27yabpd7npblbw,https://maphub.net/media/images/h/x2/hx27yabpd7npblbw/1024_768.jpg,https://res.cloudinary.com/dgbcpsrj7/image/upload/v1776759487/public-art-map/hx27yabpd7npblbw.jpg,public-art-map/hx27yabpd7npblbw,ok,
Mother and Child,lpusibhorzylyqg9,https://maphub.net/media/images/l/pu/lpusibhorzylyqg9/1024_768.jpg,https://res.cloudinary.com/dgbcpsrj7/image/upload/v1776759488/public-art-map/lpusibhorzylyqg9.jpg,public-art-map/lpusibhorzylyqg9,ok,
Muse Status,zljl4x9wyjcucnle,https://maphub.net/media/images/z/lj/zljl4x9wyjcucnle/1024_768.jpg,https://res.cloudinary.com/dgbcpsrj7/image/upload/v1776759488/public-art-map/zljl4x9wyjcucnle.jpg,public-art-map/zljl4x9wyjcucnle,ok,
My Greatest Find (Savage Finds),k9ydqyp5pwcolmcj,https://maphub.net/media/images/k/9y/k9ydqyp5pwcolmcj/1024_768.jpg,https://res.cloudinary.com/dgbcpsrj7/image/upload/v1776759488/public-art-map/k9ydqyp5pwcolmcj.jpg,public-art-map/k9ydqyp5pwcolmcj,ok,
Night Cat,5rg8rv5e9ni9qfm3,https://maphub.net/media/images/5/rg/5rg8rv5e9ni9qfm3/1024_768.jpg,https://res.cloudinary.com/dgbcpsrj7/image/upload/v1776759489/public-art-map/5rg8rv5e9ni9qfm3.jpg,public-art-map/5rg8rv5e9ni9qfm3,ok,
Ode to Oliver,mbrdwq1gli2lfm3x,https://maphub.net/media/images/m/br/mbrdwq1gli2lfm3x/1024_768.jpg,https://res.cloudinary.com/dgbcpsrj7/image/upload/v1776759490/public-art-map/mbrdwq1gli2lfm3x.jpg,public-art-map/mbrdwq1gli2lfm3x,ok,
OG Customs Mural,iest9odsmkjzfggx,https://maphub.net/media/images/i/es/iest9odsmkjzfggx/1024_768.jpg,https://res.cloudinary.com/dgbcpsrj7/image/upload/v1776759489/public-art-map/iest9odsmkjzfggx.jpg,public-art-map/iest9odsmkjzfggx,ok,
Orangutan,n0qbxupspsd59iju,https://maphub.net/media/images/n/0q/n0qbxupspsd59iju/1024_768.jpg,https://res.cloudinary.com/dgbcpsrj7/image/upload/v1776759490/public-art-map/n0qbxupspsd59iju.jpg,public-art-map/n0qbxupspsd59iju,ok,
Ornate Spiny-Tailed Lizard,ncatvtuponfnspxb,https://maphub.net/media/images/n/ca/ncatvtuponfnspxb/1024_768.jpg,https://res.cloudinary.com/dgbcpsrj7/image/upload/v1776759490/public-art-map/ncatvtuponfnspxb.jpg,public-art-map/ncatvtuponfnspxb,ok,
Otters,nj27opwa73qyfeqp,https://maphub.net/media/images/n/j2/nj27opwa73qyfeqp/1024_768.jpg,https://res.cloudinary.com/dgbcpsrj7/image/upload/v1776759490/public-art-map/nj27opwa73qyfeqp.jpg,public-art-map/nj27opwa73qyfeqp,ok,
Peace Mural,owllpakigl3oxwby,https://maphub.net/media/images/o/wl/owllpakigl3oxwby/1024_768.jpg,https://res.cloudinary.com/dgbcpsrj7/image/upload/v1776759491/public-art-map/owllpakigl3oxwby.jpg,public-art-map/owllpakigl3oxwby,ok,
Point 1,yzsxznrm5o02zudf,https://maphub.net/media/images/y/zs/yzsxznrm5o02zudf/1024_768.jpg,https://res.cloudinary.com/dgbcpsrj7/image/upload/v1776759491/public-art-map/yzsxznrm5o02zudf.jpg,public-art-map/yzsxznrm5o02zudf,ok,
Razak and Auntie,nqyxswvm3dy8pgns,https://maphub.net/media/images/n/qy/nqyxswvm3dy8pgns/1024_768.jpg,https://res.cloudinary.com/dgbcpsrj7/image/upload/v1776759491/public-art-map/nqyxswvm3dy8pgns.jpg,public-art-map/nqyxswvm3dy8pgns,ok,
Reaching Beyond Mural,9iexkfwi8uinwtb1,https://maphub.net/media/images/9/ie/9iexkfwi8uinwtb1/1024_768.jpg,https://res.cloudinary.com/dgbcpsrj7/image/upload/v1776759492/public-art-map/9iexkfwi8uinwtb1.jpg,public-art-map/9iexkfwi8uinwtb1,ok,
Revival Eastside Eatery Mural,i3rlrvy49i02k2mq,https://maphub.net/media/images/i/3r/i3rlrvy49i02k2mq/1024_768.jpg,https://res.cloudinary.com/dgbcpsrj7/image/upload/v1776759493/public-art-map/i3rlrvy49i02k2mq.jpg,public-art-map/i3rlrvy49i02k2mq,ok,
Roxy,mn9so1aysy6tiqco,https://maphub.net/media/images/m/n9/mn9so1aysy6tiqco/1024_768.jpg,https://res.cloudinary.com/dgbcpsrj7/image/upload/v1776759492/public-art-map/mn9so1aysy6tiqco.jpg,public-art-map/mn9so1aysy6tiqco,ok,
Sea Turtles,5qxzssdxlvxouqkj,https://maphub.net/media/images/5/qx/5qxzssdxlvxouqkj/1024_768.jpg,https://res.cloudinary.com/dgbcpsrj7/image/upload/v1776759492/public-art-map/5qxzssdxlvxouqkj.jpg,public-art-map/5qxzssdxlvxouqkj,ok,
Serve Change Hope Love Mural,vbsqn2uok9mu3pg1,https://maphub.net/media/images/v/bs/vbsqn2uok9mu3pg1/1024_768.jpg,https://res.cloudinary.com/dgbcpsrj7/image/upload/v1776759493/public-art-map/vbsqn2uok9mu3pg1.jpg,public-art-map/vbsqn2uok9mu3pg1,ok,
Shephard's Heart Pantry Mural,f44wtxq1zngiaxgw,https://maphub.net/media/images/f/44/f44wtxq1zngiaxgw/1024_768.jpg,https://res.cloudinary.com/dgbcpsrj7/image/upload/v1776759493/public-art-map/f44wtxq1zngiaxgw.jpg,public-art-map/f44wtxq1zngiaxgw,ok,
Spilling the Wind,8sfnyanz0ymrxrit,https://maphub.net/media/images/8/sf/8sfnyanz0ymrxrit/1024_768.jpg,https://res.cloudinary.com/dgbcpsrj7/image/upload/v1776759493/public-art-map/8sfnyanz0ymrxrit.jpg,public-art-map/8sfnyanz0ymrxrit,ok,
St Francis Church Mural,pzajmocfvlvqeblo,https://maphub.net/media/images/p/za/pzajmocfvlvqeblo/1024_768.jpg,https://res.cloudinary.com/dgbcpsrj7/image/upload/v1776759494/public-art-map/pzajmocfvlvqeblo.jpg,public-art-map/pzajmocfvlvqeblo,ok,
Stalking Fox,llkmdje22sxjew42,https://maphub.net/media/images/l/lk/llkmdje22sxjew42/1024_768.jpg,https://res.cloudinary.com/dgbcpsrj7/image/upload/v1776759494/public-art-map/llkmdje22sxjew42.jpg,public-art-map/llkmdje22sxjew42,ok,
Starry Night,pa9rb0jjhmms3lnr,https://maphub.net/media/images/p/a9/pa9rb0jjhmms3lnr/1024_768.jpg,https://res.cloudinary.com/dgbcpsrj7/image/upload/v1776759494/public-art-map/pa9rb0jjhmms3lnr.jpg,public-art-map/pa9rb0jjhmms3lnr,ok,
Stone Hearth Mural (Covered),uyzpoukze8tlyigi,https://maphub.net/media/images/u/yz/uyzpoukze8tlyigi/1024_768.jpg,https://res.cloudinary.com/dgbcpsrj7/image/upload/v1776759495/public-art-map/uyzpoukze8tlyigi.jpg,public-art-map/uyzpoukze8tlyigi,ok,
Storytellers,q555ezth6kccnxs0,https://maphub.net/media/images/q/55/q555ezth6kccnxs0/1024_768.jpg,https://res.cloudinary.com/dgbcpsrj7/image/upload/v1776759496/public-art-map/q555ezth6kccnxs0.jpg,public-art-map/q555ezth6kccnxs0,ok,
Sturgis Fountain,lqmz34xuatxhsthw,https://maphub.net/media/images/l/qm/lqmz34xuatxhsthw/1024_768.jpg,https://res.cloudinary.com/dgbcpsrj7/image/upload/v1776759495/public-art-map/lqmz34xuatxhsthw.jpg,public-art-map/lqmz34xuatxhsthw,ok,
Sumatran Tiger,rmqiwr4jmy9cw4km,https://maphub.net/media/images/r/mq/rmqiwr4jmy9cw4km/1024_768.jpg,https://res.cloudinary.com/dgbcpsrj7/image/upload/v1776759496/public-art-map/rmqiwr4jmy9cw4km.jpg,public-art-map/rmqiwr4jmy9cw4km,ok,
Taking Flight,s3boklgmeicdljta,https://maphub.net/media/images/s/3b/s3boklgmeicdljta/1024_768.jpg,https://res.cloudinary.com/dgbcpsrj7/image/upload/v1776759496/public-art-map/s3boklgmeicdljta.jpg,public-art-map/s3boklgmeicdljta,ok,
Texas Ranger,dhdk0swpv8ldomhm,https://maphub.net/media/images/d/hd/dhdk0swpv8ldomhm/1024_768.jpg,https://res.cloudinary.com/dgbcpsrj7/image/upload/v1776759497/public-art-map/dhdk0swpv8ldomhm.jpg,public-art-map/dhdk0swpv8ldomhm,ok,
The Color of Health Mural,irpagriec3gg38kt,https://maphub.net/media/images/i/rp/irpagriec3gg38kt/1024_768.jpg,https://res.cloudinary.com/dgbcpsrj7/image/upload/v1776759497/public-art-map/irpagriec3gg38kt.jpg,public-art-map/irpagriec3gg38kt,ok,
The Gift,sghmtd30zhg6fmav,https://maphub.net/media/images/s/gh/sghmtd30zhg6fmav/1024_768.jpg,https://res.cloudinary.com/dgbcpsrj7/image/upload/v1776759497/public-art-map/sghmtd30zhg6fmav.jpg,public-art-map/sghmtd30zhg6fmav,ok,
The Kids,zdrjgxawqr8k1kth,https://maphub.net/media/images/z/dr/zdrjgxawqr8k1kth/1024_768.jpg,https://res.cloudinary.com/dgbcpsrj7/image/upload/v1776759497/public-art-map/zdrjgxawqr8k1kth.jpg,public-art-map/zdrjgxawqr8k1kth,ok,
The Spirit of We Mural,sh6jvbrntjjztd6a,https://maphub.net/media/images/s/h6/sh6jvbrntjjztd6a/1024_768.jpg,https://res.cloudinary.com/dgbcpsrj7/image/upload/v1776759498/public-art-map/sh6jvbrntjjztd6a.jpg,public-art-map/sh6jvbrntjjztd6a,ok,
The Thinker Mural,lsqcbb16x5gyiwk4,https://maphub.net/media/images/l/sq/lsqcbb16x5gyiwk4/1024_768.jpg,https://res.cloudinary.com/dgbcpsrj7/image/upload/v1776759498/public-art-map/lsqcbb16x5gyiwk4.jpg,public-art-map/lsqcbb16x5gyiwk4,ok,
Tree of Life Mural,eh9yv8xdqd8raycx,https://maphub.net/media/images/e/h9/eh9yv8xdqd8raycx/1024_768.jpg,https://res.cloudinary.com/dgbcpsrj7/image/upload/v1776759499/public-art-map/eh9yv8xdqd8raycx.jpg,public-art-map/eh9yv8xdqd8raycx,ok,
Trouble,v2gfm5cloqnzff1w,https://maphub.net/media/images/v/2g/v2gfm5cloqnzff1w/1024_768.jpg,https://res.cloudinary.com/dgbcpsrj7/image/upload/v1776759499/public-art-map/v2gfm5cloqnzff1w.jpg,public-art-map/v2gfm5cloqnzff1w,ok,
Twisted Root Mural,xnob3ji3jd3ar5ht,https://maphub.net/media/images/x/no/xnob3ji3jd3ar5ht/1024_768.jpg,https://res.cloudinary.com/dgbcpsrj7/image/upload/v1776759499/public-art-map/xnob3ji3jd3ar5ht.jpg,public-art-map/xnob3ji3jd3ar5ht,ok,
Tyson,liq9juyuwb4ij6u0,https://maphub.net/media/images/l/iq/liq9juyuwb4ij6u0/1024_768.jpg,https://res.cloudinary.com/dgbcpsrj7/image/upload/v1776759499/public-art-map/liq9juyuwb4ij6u0.jpg,public-art-map/liq9juyuwb4ij6u0,ok,
Unknown,wjt5aatp03kr8yht,https://maphub.net/media/images/w/jt/wjt5aatp03kr8yht/1024_768.jpg,https://res.cloudinary.com/dgbcpsrj7/image/upload/v1776759500/public-art-map/wjt5aatp03kr8yht.jpg,public-art-map/wjt5aatp03kr8yht,ok,
Visiting Angels Mural,kwuau34tm9whure3,https://maphub.net/media/images/k/wu/kwuau34tm9whure3/1024_768.jpg,https://res.cloudinary.com/dgbcpsrj7/image/upload/v1776759500/public-art-map/kwuau34tm9whure3.jpg,public-art-map/kwuau34tm9whure3,ok,
Waco Sculpture Zoo,4n1lfdp7u5t22hqo,https://maphub.net/media/images/4/n1/4n1lfdp7u5t22hqo/1024_768.jpg,https://res.cloudinary.com/dgbcpsrj7/image/upload/v1776759500/public-art-map/4n1lfdp7u5t22hqo.jpg,public-art-map/4n1lfdp7u5t22hqo,ok,
Waco Tornado Kinetic Sculptures,p7n8e0ts1rrtftyn,https://maphub.net/media/images/p/7n/p7n8e0ts1rrtftyn/1024_768.jpg,https://res.cloudinary.com/dgbcpsrj7/image/upload/v1776759500/public-art-map/p7n8e0ts1rrtftyn.jpg,public-art-map/p7n8e0ts1rrtftyn,ok,
Waco We Love You,zjiogpdkst2keef7,https://maphub.net/media/images/z/ji/zjiogpdkst2keef7/1024_768.jpg,https://res.cloudinary.com/dgbcpsrj7/image/upload/v1776759500/public-art-map/zjiogpdkst2keef7.jpg,public-art-map/zjiogpdkst2keef7,ok,
Waco Y'all Mural,g5oo8mxuczw8rgvx,https://maphub.net/media/images/g/5o/g5oo8mxuczw8rgvx/1024_768.jpg,https://res.cloudinary.com/dgbcpsrj7/image/upload/v1776759501/public-art-map/g5oo8mxuczw8rgvx.jpg,public-art-map/g5oo8mxuczw8rgvx,ok,
Wacotown,79brblnxcgelo9cv,https://maphub.net/media/images/7/9b/79brblnxcgelo9cv/1024_768.jpg,https://res.cloudinary.com/dgbcpsrj7/image/upload/v1776759502/public-art-map/79brblnxcgelo9cv.jpg,public-art-map/79brblnxcgelo9cv,ok,
White Rhino,eodiiadgyu6jkt2v,https://maphub.net/media/images/e/od/eodiiadgyu6jkt2v/1024_768.jpg,https://res.cloudinary.com/dgbcpsrj7/image/upload/v1776759501/public-art-map/eodiiadgyu6jkt2v.jpg,public-art-map/eodiiadgyu6jkt2v,ok,
Whitetail,7ru3zlmxlk4qeeok,https://maphub.net/media/images/7/ru/7ru3zlmxlk4qeeok/1024_768.jpg,https://res.cloudinary.com/dgbcpsrj7/image/upload/v1776759502/public-art-map/7ru3zlmxlk4qeeok.jpg,public-art-map/7ru3zlmxlk4qeeok,ok,
Wildflowers I,uruxg0vis0nl7aky,https://maphub.net/media/images/u/ru/uruxg0vis0nl7aky/1024_768.jpg,https://res.cloudinary.com/dgbcpsrj7/image/upload/v1776759502/public-art-map/uruxg0vis0nl7aky.jpg,public-art-map/uruxg0vis0nl7aky,ok,
Wildflowers II,9kugjxagwi6cgbch,https://maphub.net/media/images/9/ku/9kugjxagwi6cgbch/1024_768.jpg,https://res.cloudinary.com/dgbcpsrj7/image/upload/v1776759503/public-art-map/9kugjxagwi6cgbch.jpg,public-art-map/9kugjxagwi6cgbch,ok,
Wise Elephant,prqdeiknxyaby57p,https://maphub.net/media/images/p/rq/prqdeiknxyaby57p/1024_768.jpg,https://res.cloudinary.com/dgbcpsrj7/image/upload/v1776759503/public-art-map/prqdeiknxyaby57p.jpg,public-art-map/prqdeiknxyaby57p,ok,
You Look Nice Today Wacotown,ynpc4udppsb0w65p,https://maphub.net/media/images/y/np/ynpc4udppsb0w65p/1024_768.jpg,https://res.cloudinary.com/dgbcpsrj7/image/upload/v1776759504/public-art-map/ynpc4udppsb0w65p.jpg,public-art-map/ynpc4udppsb0w65p,ok,
