title,image_id,image_url
'Blood Feather' Sculpture,jynrrydeckyp48iu,https://maphub.net/media/images/j/yn/jynrrydeckyp48iu/1024_768.jpg
'Branding the Brazos' Sculptures,odue5lnbq77ortfn,https://maphub.net/media/images/o/du/odue5lnbq77ortfn/1024_768.jpg
'Divine Servant' Sculpture,ibaynwyjjpa5ux6d,https://maphub.net/media/images/i/ba/ibaynwyjjpa5ux6d/1024_768.jpg
"'Florence, The Oaxcan Cow' Sculpture",th0yoetmo9m4ocyu,https://maphub.net/media/images/t/h0/th0yoetmo9m4ocyu/1024_768.jpg
'Friendship is for All Seasons' Sculpture,fz73yzzmetkxyy9b,https://maphub.net/media/images/f/z7/fz73yzzmetkxyy9b/1024_768.jpg
'Las Mesas' Sculpture,hqhw85hgpgoneqpx,https://maphub.net/media/images/h/qh/hqhw85hgpgoneqpx/1024_768.jpg
'Spadix' Sculpture,nalrksqsjenw5jfs,https://maphub.net/media/images/n/al/nalrksqsjenw5jfs/1024_768.jpg
1000 Hopes for Waco Mural,vxzb0somdyqsbhwg,https://maphub.net/media/images/v/xz/vxzb0somdyqsbhwg/1024_768.jpg
A Message of Hope Mural,iw9ckwquwdp31qsy,https://maphub.net/media/images/i/w9/iw9ckwquwdp31qsy/1024_768.jpg
Abstract Brush & Line Mural,cqu7nrf4gtqudpdn,https://maphub.net/media/images/c/qu/cqu7nrf4gtqudpdn/1024_768.jpg
Abstract Mural,fxrwjddoaf6juexo,https://maphub.net/media/images/f/xr/fxrwjddoaf6juexo/1024_768.jpg
African Lion,0zlrlqswjonv7zso,https://maphub.net/media/images/0/zl/0zlrlqswjonv7zso/1024_768.jpg
Afro Pach-Patch,k7lxkisphkosgw52,https://maphub.net/media/images/k/7l/k7lxkisphkosgw52/1024_768.jpg
Altogether Beautiful,uksszxojwix3ygz6,https://maphub.net/media/images/u/ks/uksszxojwix3ygz6/1024_768.jpg
Ambold's Mural,biy6ugdllbq9vsps,https://maphub.net/media/images/b/iy/biy6ugdllbq9vsps/1024_768.jpg
American Alligator,f8e4mrnabim7y16t,https://maphub.net/media/images/f/8e/f8e4mrnabim7y16t/1024_768.jpg
Ana's Taxes Wings,rlvkmw8lpvrcbew8,https://maphub.net/media/images/r/lv/rlvkmw8lpvrcbew8/1024_768.jpg
Art Center Waco,rayg0mfuxa5qx7pr,https://maphub.net/media/images/r/ay/rayg0mfuxa5qx7pr/1024_768.jpg
Art Center Waco,yzmf5letughtcngu,https://maphub.net/media/images/y/zm/yzmf5letughtcngu/1024_768.jpg
Art Center Waco,7ie2ptykybkvvdq3,https://maphub.net/media/images/7/ie/7ie2ptykybkvvdq3/1024_768.jpg
Art Center Waco,xez2vhvxl2dcxahl,https://maphub.net/media/images/x/ez/xez2vhvxl2dcxahl/1024_768.jpg
Art Center Waco,mgrryov0ponno08x,https://maphub.net/media/images/m/gr/mgrryov0ponno08x/1024_768.jpg
Art Center Waco,jzsocuthvvx5rgqb,https://maphub.net/media/images/j/zs/jzsocuthvvx5rgqb/1024_768.jpg
Art Center Waco,smraeufzwprqzana,https://maphub.net/media/images/s/mr/smraeufzwprqzana/1024_768.jpg
Baby Giraffe,1zn1jlzqe6llqk2y,https://maphub.net/media/images/1/zn/1zn1jlzqe6llqk2y/1024_768.jpg
Bats Taking Flight,wf8zgal3h3yxyvqy,https://maphub.net/media/images/w/f8/wf8zgal3h3yxyvqy/1024_768.jpg
Baylor Mural,xzi94aols3v784cw,https://maphub.net/media/images/x/zi/xzi94aols3v784cw/1024_768.jpg
Beaver,cdjuqaierp1ezrb6,https://maphub.net/media/images/c/dj/cdjuqaierp1ezrb6/1024_768.jpg
Blek Le Rat 'Selfie Rat',3m8em3lhqownwwbj,https://maphub.net/media/images/3/m8/3m8em3lhqownwwbj/1024_768.jpg
Blek Le Rat 'Victor Hugo',f7xn9j22nap1xdon,https://maphub.net/media/images/f/7x/f7xn9j22nap1xdon/1024_768.jpg
Blek Le Rat 'Violinist',tw51sizm72fufrcx,https://maphub.net/media/images/t/w5/tw51sizm72fufrcx/1024_768.jpg
Blek Le Rat 'Young Picasso',k4xpfvj8dtdd0tjx,https://maphub.net/media/images/k/4x/k4xpfvj8dtdd0tjx/1024_768.jpg
"Blek Le Rat ""Chopin""",kjxsuxyy0dxs0edu,https://maphub.net/media/images/k/jx/kjxsuxyy0dxs0edu/1024_768.jpg
Blek Le Rat: 'In Honor of Kurt Kaiser',9ritdvpkbbyes4jc,https://maphub.net/media/images/9/ri/9ritdvpkbbyes4jc/1024_768.jpg
Bold Waco,xuubyyoayl1ykrrn,https://maphub.net/media/images/x/uu/xuubyyoayl1ykrrn/1024_768.jpg
Box Turtle II,zdvb7wovvwf6pswj,https://maphub.net/media/images/z/dv/zdvb7wovvwf6pswj/1024_768.jpg
Cactus Rose Mural,5cgrfwngghklkgnr,https://maphub.net/media/images/5/cg/5cgrfwngghklkgnr/1024_768.jpg
Cast Thy Burden,i11lgyn80vdzsqvd,https://maphub.net/media/images/i/11/i11lgyn80vdzsqvd/1024_768.jpg
Cattle Drive Mural,qti9lonzsmbgbjsi,https://maphub.net/media/images/q/ti/qti9lonzsmbgbjsi/1024_768.jpg
Cheers from Waco Mural,kev0egfdwaupqjs6,https://maphub.net/media/images/k/ev/kev0egfdwaupqjs6/1024_768.jpg
City With a Soul (The Findery) Mural,ffccpsu5sow9f8pq,https://maphub.net/media/images/f/fc/ffccpsu5sow9f8pq/1024_768.jpg
Clasé Mural #2,hqn1i0at4vcxylaj,https://maphub.net/media/images/h/qn/hqn1i0at4vcxylaj/1024_768.jpg
Cranes,rwr50d91alwn25fj,https://maphub.net/media/images/r/wr/rwr50d91alwn25fj/1024_768.jpg
Dichotomy Mural,zlyr0lpkfwzvbwv5,https://maphub.net/media/images/z/ly/zlyr0lpkfwzvbwv5/1024_768.jpg
Doris Miller Memorial,1imyopmwjuvzresq,https://maphub.net/media/images/1/im/1imyopmwjuvzresq/1024_768.jpg
Dr Pepper Museum Mural,1dnhjjgml7mpaxjz,https://maphub.net/media/images/1/dn/1dnhjjgml7mpaxjz/1024_768.jpg
Dr. Pepper Mural,8liozworpubuhovt,https://maphub.net/media/images/8/li/8liozworpubuhovt/1024_768.jpg
Each One Reach One Teach One,uzk1hpt5mmcplj5f,https://maphub.net/media/images/u/zk/uzk1hpt5mmcplj5f/1024_768.jpg
Ely Playing with a Stick,0sxni6npko3ck3kj,https://maphub.net/media/images/0/sx/0sxni6npko3ck3kj/1024_768.jpg
Enve (Now Covered),e7atzzheav8ohdhl,https://maphub.net/media/images/e/7a/e7atzzheav8ohdhl/1024_768.jpg
Everything's Peachy,96phmq0sromhcchu,https://maphub.net/media/images/9/6p/96phmq0sromhcchu/1024_768.jpg
Feast,7sqggtojw9yjc7qp,https://maphub.net/media/images/7/sq/7sqggtojw9yjc7qp/1024_768.jpg
"Feed Your Body, Feed Your Soul:",cb4xpz2v9nlb2sa2,https://maphub.net/media/images/c/b4/cb4xpz2v9nlb2sa2/1024_768.jpg
Flower and Line Mural,kiqu1ax1pn2g24f1,https://maphub.net/media/images/k/iq/kiqu1ax1pn2g24f1/1024_768.jpg
Freedom Fountain,r7ner5dxl4bkj2eq,https://maphub.net/media/images/r/7n/r7ner5dxl4bkj2eq/1024_768.jpg
Galapagos Tortoise,n5fjm6dlsv9cb0wo,https://maphub.net/media/images/n/5f/n5fjm6dlsv9cb0wo/1024_768.jpg
Georges Mural (Wrap),kf8d9wx60br3bnpv,https://maphub.net/media/images/k/f8/kf8d9wx60br3bnpv/1024_768.jpg
Gerenuk,bsxsjvtvlovwks73,https://maphub.net/media/images/b/sx/bsxsjvtvlovwks73/1024_768.jpg
Geri,kd9jgparfyei0f4q,https://maphub.net/media/images/k/d9/kd9jgparfyei0f4q/1024_768.jpg
Giraffe,sqo4sqki2msdxiam,https://maphub.net/media/images/s/qo/sqo4sqki2msdxiam/1024_768.jpg
Giving Praise: Black Pride,odrcnrp78qskufwj,https://maphub.net/media/images/o/dr/odrcnrp78qskufwj/1024_768.jpg
"Glenn, answer your phone.",ugvurea23zyw3zcf,https://maphub.net/media/images/u/gv/ugvurea23zyw3zcf/1024_768.jpg
Heart of Texas,ugpmszcne0l6lpfr,https://maphub.net/media/images/u/gp/ugpmszcne0l6lpfr/1024_768.jpg
Heart To Heart (Praetorian Building),wyizrirhxnpv960t,https://maphub.net/media/images/w/yi/wyizrirhxnpv960t/1024_768.jpg
Hearts Unfolding,yqfb0jmz6ecskaux,https://maphub.net/media/images/y/qf/yqfb0jmz6ecskaux/1024_768.jpg
Hometown USA,zjjijf5d1pgonvqf,https://maphub.net/media/images/z/jj/zjjijf5d1pgonvqf/1024_768.jpg
Images Past - South Waco,jdy5z6lculi8cuck,https://maphub.net/media/images/j/dy/jdy5z6lculi8cuck/1024_768.jpg
It takes a Village,1kh2ioeaowzfz7hm,https://maphub.net/media/images/1/kh/1kh2ioeaowzfz7hm/1024_768.jpg
Kate Friend Animal Fountain,llm5viqbv0ycqlol,https://maphub.net/media/images/l/lm/llm5viqbv0ycqlol/1024_768.jpg
Keep Going,dpthxgyovhsqmera,https://maphub.net/media/images/d/pt/dpthxgyovhsqmera/1024_768.jpg
Komodo Dragon,gqh242t7qizbxoal,https://maphub.net/media/images/g/qh/gqh242t7qizbxoal/1024_768.jpg
Lamp of the Body,6qsgbvbabtiaz76t,https://maphub.net/media/images/6/qs/6qsgbvbabtiaz76t/1024_768.jpg
Lioness with Cubs,szw4iwxvsh2yigv9,https://maphub.net/media/images/s/zw/szw4iwxvsh2yigv9/1024_768.jpg
Live Oak Mural,nj3bmfnarl5tigoo,https://maphub.net/media/images/n/j3/nj3bmfnarl5tigoo/1024_768.jpg
Major George B. Erath--Frontiersman,wigqsmtrgpbivlws,https://maphub.net/media/images/w/ig/wigqsmtrgpbivlws/544_400.jpg
Martin Luther King Jr.,m7pdwrzg1epgn0mg,https://maphub.net/media/images/m/7p/m7pdwrzg1epgn0mg/1024_768.jpg
Meerkat Tribe,nmv5abui3ud0svji,https://maphub.net/media/images/n/mv/nmv5abui3ud0svji/1024_768.jpg
Metamorphosis,tyvws9n3nta1wrrs,https://maphub.net/media/images/t/yv/tyvws9n3nta1wrrs/1024_768.jpg
Montessori Mural,hx27yabpd7npblbw,https://maphub.net/media/images/h/x2/hx27yabpd7npblbw/1024_768.jpg
Mother and Child,lpusibhorzylyqg9,https://maphub.net/media/images/l/pu/lpusibhorzylyqg9/1024_768.jpg
Muse Status,zljl4x9wyjcucnle,https://maphub.net/media/images/z/lj/zljl4x9wyjcucnle/1024_768.jpg
My Greatest Find (Savage Finds),k9ydqyp5pwcolmcj,https://maphub.net/media/images/k/9y/k9ydqyp5pwcolmcj/1024_768.jpg
Night Cat,5rg8rv5e9ni9qfm3,https://maphub.net/media/images/5/rg/5rg8rv5e9ni9qfm3/1024_768.jpg
Ode to Oliver,mbrdwq1gli2lfm3x,https://maphub.net/media/images/m/br/mbrdwq1gli2lfm3x/1024_768.jpg
OG Customs Mural,iest9odsmkjzfggx,https://maphub.net/media/images/i/es/iest9odsmkjzfggx/1024_768.jpg
Orangutan,n0qbxupspsd59iju,https://maphub.net/media/images/n/0q/n0qbxupspsd59iju/1024_768.jpg
Ornate Spiny-Tailed Lizard,ncatvtuponfnspxb,https://maphub.net/media/images/n/ca/ncatvtuponfnspxb/1024_768.jpg
Otters,nj27opwa73qyfeqp,https://maphub.net/media/images/n/j2/nj27opwa73qyfeqp/1024_768.jpg
Peace Mural,owllpakigl3oxwby,https://maphub.net/media/images/o/wl/owllpakigl3oxwby/1024_768.jpg
Point 1,yzsxznrm5o02zudf,https://maphub.net/media/images/y/zs/yzsxznrm5o02zudf/1024_768.jpg
Razak and Auntie,nqyxswvm3dy8pgns,https://maphub.net/media/images/n/qy/nqyxswvm3dy8pgns/1024_768.jpg
Reaching Beyond Mural,9iexkfwi8uinwtb1,https://maphub.net/media/images/9/ie/9iexkfwi8uinwtb1/1024_768.jpg
Revival Eastside Eatery Mural,i3rlrvy49i02k2mq,https://maphub.net/media/images/i/3r/i3rlrvy49i02k2mq/1024_768.jpg
Roxy,mn9so1aysy6tiqco,https://maphub.net/media/images/m/n9/mn9so1aysy6tiqco/1024_768.jpg
Sea Turtles,5qxzssdxlvxouqkj,https://maphub.net/media/images/5/qx/5qxzssdxlvxouqkj/1024_768.jpg
Serve Change Hope Love Mural,vbsqn2uok9mu3pg1,https://maphub.net/media/images/v/bs/vbsqn2uok9mu3pg1/1024_768.jpg
Shephard's Heart Pantry Mural,f44wtxq1zngiaxgw,https://maphub.net/media/images/f/44/f44wtxq1zngiaxgw/1024_768.jpg
Spilling the Wind,8sfnyanz0ymrxrit,https://maphub.net/media/images/8/sf/8sfnyanz0ymrxrit/1024_768.jpg
St Francis Church Mural,pzajmocfvlvqeblo,https://maphub.net/media/images/p/za/pzajmocfvlvqeblo/1024_768.jpg
Stalking Fox,llkmdje22sxjew42,https://maphub.net/media/images/l/lk/llkmdje22sxjew42/1024_768.jpg
Starry Night,pa9rb0jjhmms3lnr,https://maphub.net/media/images/p/a9/pa9rb0jjhmms3lnr/1024_768.jpg
Stone Hearth Mural (Covered),uyzpoukze8tlyigi,https://maphub.net/media/images/u/yz/uyzpoukze8tlyigi/1024_768.jpg
Storytellers,q555ezth6kccnxs0,https://maphub.net/media/images/q/55/q555ezth6kccnxs0/1024_768.jpg
Sturgis Fountain,lqmz34xuatxhsthw,https://maphub.net/media/images/l/qm/lqmz34xuatxhsthw/1024_768.jpg
Sumatran Tiger,rmqiwr4jmy9cw4km,https://maphub.net/media/images/r/mq/rmqiwr4jmy9cw4km/1024_768.jpg
Taking Flight,s3boklgmeicdljta,https://maphub.net/media/images/s/3b/s3boklgmeicdljta/1024_768.jpg
Texas Ranger,dhdk0swpv8ldomhm,https://maphub.net/media/images/d/hd/dhdk0swpv8ldomhm/1024_768.jpg
The Color of Health Mural,irpagriec3gg38kt,https://maphub.net/media/images/i/rp/irpagriec3gg38kt/1024_768.jpg
The Gift,sghmtd30zhg6fmav,https://maphub.net/media/images/s/gh/sghmtd30zhg6fmav/1024_768.jpg
The Kids,zdrjgxawqr8k1kth,https://maphub.net/media/images/z/dr/zdrjgxawqr8k1kth/1024_768.jpg
The Spirit of We Mural,sh6jvbrntjjztd6a,https://maphub.net/media/images/s/h6/sh6jvbrntjjztd6a/1024_768.jpg
The Thinker Mural,lsqcbb16x5gyiwk4,https://maphub.net/media/images/l/sq/lsqcbb16x5gyiwk4/1024_768.jpg
Tree of Life Mural,eh9yv8xdqd8raycx,https://maphub.net/media/images/e/h9/eh9yv8xdqd8raycx/1024_768.jpg
Trouble,v2gfm5cloqnzff1w,https://maphub.net/media/images/v/2g/v2gfm5cloqnzff1w/1024_768.jpg
Twisted Root Mural,xnob3ji3jd3ar5ht,https://maphub.net/media/images/x/no/xnob3ji3jd3ar5ht/1024_768.jpg
Tyson,liq9juyuwb4ij6u0,https://maphub.net/media/images/l/iq/liq9juyuwb4ij6u0/1024_768.jpg
Unknown,wjt5aatp03kr8yht,https://maphub.net/media/images/w/jt/wjt5aatp03kr8yht/1024_768.jpg
Visiting Angels Mural,kwuau34tm9whure3,https://maphub.net/media/images/k/wu/kwuau34tm9whure3/1024_768.jpg
Waco Sculpture Zoo,4n1lfdp7u5t22hqo,https://maphub.net/media/images/4/n1/4n1lfdp7u5t22hqo/1024_768.jpg
Waco Tornado Kinetic Sculptures,p7n8e0ts1rrtftyn,https://maphub.net/media/images/p/7n/p7n8e0ts1rrtftyn/1024_768.jpg
Waco We Love You,zjiogpdkst2keef7,https://maphub.net/media/images/z/ji/zjiogpdkst2keef7/1024_768.jpg
Waco Y'all Mural,g5oo8mxuczw8rgvx,https://maphub.net/media/images/g/5o/g5oo8mxuczw8rgvx/1024_768.jpg
Wacotown,79brblnxcgelo9cv,https://maphub.net/media/images/7/9b/79brblnxcgelo9cv/1024_768.jpg
White Rhino,eodiiadgyu6jkt2v,https://maphub.net/media/images/e/od/eodiiadgyu6jkt2v/1024_768.jpg
Whitetail,7ru3zlmxlk4qeeok,https://maphub.net/media/images/7/ru/7ru3zlmxlk4qeeok/1024_768.jpg
Wildflowers I,uruxg0vis0nl7aky,https://maphub.net/media/images/u/ru/uruxg0vis0nl7aky/1024_768.jpg
Wildflowers II,9kugjxagwi6cgbch,https://maphub.net/media/images/9/ku/9kugjxagwi6cgbch/1024_768.jpg
Wise Elephant,prqdeiknxyaby57p,https://maphub.net/media/images/p/rq/prqdeiknxyaby57p/1024_768.jpg
You Look Nice Today Wacotown,ynpc4udppsb0w65p,https://maphub.net/media/images/y/np/ynpc4udppsb0w65p/1024_768.jpg
